user_id,group,deposits_count,total_revenue
1,bonus,5,200.8476797144344
2,control,2,66.37729514592668
3,bonus,1,40.29324216411921
4,bonus,0,0.0
5,control,0,0.0
6,bonus,2,227.42739784358838
7,bonus,2,119.72103789118923
8,bonus,4,145.3602380659373
9,control,0,0.0
10,control,2,67.97657930175961
11,control,3,178.62681675405378
12,bonus,1,29.161564336200634
13,bonus,2,64.73089696953149
14,bonus,1,42.07203594196659
15,control,3,171.4524821215478
16,control,3,207.85607116429918
17,bonus,4,335.5961692964709
18,control,2,108.33629181084207
19,bonus,3,150.8106962485
20,bonus,3,205.02988625523705
21,bonus,2,69.33822882575325
22,control,0,0.0
23,bonus,4,241.17961478283473
24,bonus,5,181.97601607356236
25,bonus,4,202.32219207740147
26,control,4,187.69650184014966
27,control,2,98.16517470361637
28,control,1,62.48268811753629
29,control,3,180.63909570743758
30,bonus,2,110.81051119717144
31,bonus,5,221.66273088304635
32,bonus,2,107.47823304277043
33,control,2,73.04940729642477
34,control,1,42.010196686527806
35,control,2,225.0157429860061
36,control,6,287.7777135890235
37,control,1,52.680651595489266
38,control,1,35.15420575060076
39,control,1,64.30826657136411
40,bonus,2,135.05295498021258
41,control,1,58.86436410658671
42,bonus,2,111.58465595694072
43,bonus,0,0.0
44,control,1,70.22836635834588
45,bonus,2,114.28053221635345
46,bonus,1,49.71516943215709
47,control,0,0.0
48,control,4,131.1724662509945
49,bonus,5,201.25570150645186
50,control,4,176.67320575144538
51,control,1,24.463629780044084
52,control,3,180.35608093390138
53,bonus,2,73.88809745244744
54,bonus,5,219.38770060805578
55,bonus,2,96.0552699280982
56,bonus,2,104.93299464895223
57,control,2,79.80060002854555
58,bonus,4,202.17606501073976
59,control,1,44.070596693320354
60,control,1,38.482425424786754
61,bonus,3,118.44143993199413
62,control,6,394.23131562622757
63,bonus,1,24.776173276052088
64,bonus,5,240.77479569752276
65,bonus,3,131.75207089342578
66,bonus,3,179.75840253224956
67,bonus,4,124.42664114411038
68,control,2,75.556808281666
69,control,0,0.0
70,control,3,196.3307117284488
71,control,0,0.0
72,control,5,148.69236815857096
73,bonus,1,43.63273103803239
74,control,3,184.0841061605187
75,control,1,29.559089288675064
76,control,3,131.33473386348106
77,control,0,0.0
78,bonus,4,180.8548403151823
79,bonus,5,664.7263608707019
80,bonus,3,134.36778575108855
81,bonus,1,60.57257530527862
82,control,2,68.82756221144164
83,bonus,1,62.24861146701455
84,control,2,122.06886213550312
85,control,2,73.26054946073907
86,control,4,176.58656608873923
87,bonus,5,189.14509616799523
88,control,1,30.148077467545157
89,control,4,258.7429899586354
90,bonus,4,170.51418030441752
91,control,2,38.669274933981804
92,bonus,3,287.9858582369334
93,control,2,67.97067126822449
94,control,0,0.0
95,control,3,239.74888315069597
96,bonus,5,246.22668900049555
97,control,1,42.49960063232152
98,control,1,29.276991197877113
99,control,0,0.0
100,bonus,7,341.756805331436
101,bonus,2,117.5137130557138
102,bonus,3,172.7716211950166
103,control,1,38.02413583316435
104,bonus,1,52.11822324177827
105,bonus,2,54.41000837058746
106,bonus,2,121.5870017054483
107,control,0,0.0
108,control,0,0.0
109,control,2,90.2359175292294
110,bonus,2,74.41349720671812
111,control,4,176.83264095671555
112,control,3,120.36693253497016
113,control,1,52.394951634881785
114,bonus,2,104.4787638815636
115,control,2,57.90642380449242
116,bonus,2,58.38514329505578
117,bonus,0,0.0
118,bonus,0,0.0
119,control,2,92.53448906188085
120,bonus,4,275.16553640687187
121,bonus,4,295.06686664163027
122,bonus,5,284.07534168664944
123,control,2,67.6764086074156
124,control,2,96.36735470226236
125,control,1,68.65802347189856
126,control,2,108.33966766327836
127,control,1,58.47202061619346
128,control,1,38.27401878068543
129,control,0,0.0
130,bonus,0,0.0
131,control,3,132.59594247540022
132,bonus,1,77.88316684008826
133,bonus,4,91.03171737268765
134,control,3,136.4506737764436
135,bonus,1,50.32996878856534
136,control,6,167.06727230767325
137,bonus,3,196.40036347758758
138,control,5,174.6048350234813
139,bonus,0,0.0
140,control,2,171.89491624533395
141,control,3,192.24403022867514
142,control,1,55.021989722843934
143,bonus,3,177.3825408076894
144,bonus,8,390.8125236996241
145,control,5,452.9956148004428
146,control,2,119.17206120974933
147,control,3,103.8484171540893
148,bonus,3,95.10684306075419
149,control,5,274.3744290457624
150,control,0,0.0
151,bonus,4,125.53573195670629
152,bonus,0,0.0
153,control,2,81.91238203425821
154,bonus,5,311.560975951528
155,control,3,157.57221380594856
156,bonus,0,0.0
157,control,1,56.15738287026813
158,bonus,4,173.89506008989363
159,bonus,0,0.0
160,bonus,4,171.8159423017731
161,control,2,133.70698412953473
162,bonus,5,234.54841069132092
163,control,4,290.99671082120494
164,control,2,168.01098680196415
165,bonus,5,199.79875734098485
166,control,5,80.94355355548254
167,bonus,2,149.1794513652065
168,bonus,3,137.73706708120065
169,control,2,66.46293512500563
170,bonus,1,42.11369964468005
171,control,3,116.75642661189366
172,bonus,10,814.8687903808731
173,control,4,190.36166915964318
174,bonus,4,324.4003216628588
175,control,2,106.99549299981751
176,control,2,80.7678440750148
177,control,2,78.5067532073312
178,bonus,5,314.95362549661365
179,bonus,3,206.88967725689656
180,bonus,5,366.77177369593875
181,bonus,1,47.22323097407452
182,bonus,0,0.0
183,bonus,2,126.9744335984817
184,control,5,196.706475024358
185,bonus,1,34.78531866471945
186,bonus,1,39.026057295163554
187,control,1,41.35941495363445
188,control,2,113.47495696062475
189,bonus,2,160.80842282984506
190,control,4,111.9822445397991
191,bonus,2,83.97346514682067
192,control,0,0.0
193,control,4,237.72339982421587
194,bonus,2,86.03317049501335
195,control,1,38.71612471418798
196,control,2,54.90543096630053
197,bonus,5,306.4500904758451
198,bonus,1,48.90769548774484
199,control,7,250.54959290093828
200,control,2,82.1855948656514
201,bonus,1,76.77452334347252
202,bonus,0,0.0
203,bonus,6,231.27397125174636
204,control,1,69.75233148027182
205,control,2,92.41884057016102
206,control,5,284.4377247844264
207,control,7,362.5584879423157
208,bonus,4,204.45577643849373
209,control,2,79.67094610566937
210,bonus,0,0.0
211,bonus,4,310.9202946395147
212,bonus,4,302.5312913864768
213,control,2,59.4356728151991
214,bonus,5,408.5364751738238
215,bonus,3,136.96965183608205
216,bonus,4,158.9291420053527
217,control,2,84.8211546128865
218,control,4,240.77233121180174
219,bonus,2,125.05255352101285
220,control,5,205.76097057347903
221,control,5,301.6548417400349
222,control,2,94.51521942003492
223,bonus,3,127.03932800794198
224,bonus,3,121.1736174067936
225,control,2,103.89615242282099
226,bonus,3,150.83032254999318
227,control,2,55.611102503425826
228,bonus,3,208.8347445752743
229,bonus,3,131.22855016411972
230,control,1,78.56327621829872
231,control,2,55.07870572695136
232,control,2,84.48395727407508
233,bonus,5,202.5263810853238
234,bonus,2,73.56532084881539
235,bonus,1,43.64320854449945
236,bonus,4,384.68216828725605
237,control,5,236.57847278986458
238,bonus,1,39.22548325290895
239,control,1,23.72768586131331
240,control,5,123.17714357808103
241,bonus,2,85.78202727771823
242,bonus,4,165.8241681252569
243,control,0,0.0
244,bonus,0,0.0
245,bonus,4,200.4631090389071
246,bonus,6,444.91770063766614
247,bonus,1,91.32447908748479
248,control,5,115.9366881657638
249,control,4,135.9747742609487
250,control,1,33.37077905396647
251,bonus,1,54.457845851917504
252,bonus,3,101.3030335551829
253,control,0,0.0
254,control,2,91.38145288822679
255,control,0,0.0
256,bonus,3,271.0996668543448
257,bonus,4,205.8406086415197
258,control,0,0.0
259,control,4,138.40407068819565
260,bonus,4,128.12970491372732
261,control,5,181.7212339350952
262,bonus,1,111.25957400063027
263,control,0,0.0
264,control,2,99.07695419861143
265,bonus,2,73.5408420574912
266,control,0,0.0
267,control,3,83.93831068447305
268,control,2,52.00500234731517
269,control,4,148.01984577986505
270,control,3,267.5607377641996
271,control,0,0.0
272,control,1,38.425817518169005
273,control,3,106.6236262797831
274,bonus,3,87.43625439103232
275,bonus,2,106.36561598419517
276,control,1,47.625434319086885
277,control,3,177.97079564255003
278,bonus,1,71.17716579177188
279,bonus,2,96.58987687985748
280,bonus,1,62.86780498988035
281,control,0,0.0
282,control,1,54.30560130709325
283,control,4,150.72027321002415
284,control,3,158.55241918109454
285,bonus,3,177.2413183748983
286,control,3,138.2904311826878
287,control,3,178.28148538448934
288,control,3,77.91629453455575
289,bonus,3,106.94514553286956
290,control,2,81.88278591561458
291,bonus,2,62.45394636817353
292,control,0,0.0
293,bonus,4,181.5621809844364
294,control,2,142.3372149732683
295,bonus,5,271.9856045322313
296,bonus,1,74.19707907020559
297,bonus,1,57.51297552953832
298,bonus,4,171.61185132492588
299,bonus,3,162.68854458238638
300,bonus,4,267.2054959541474
301,bonus,2,157.159635745986
302,control,2,85.92726205414641
303,bonus,0,0.0
304,bonus,6,170.19640799015286
305,bonus,3,138.48919487937624
306,control,2,39.70766114135515
307,control,1,84.34782749134668
308,bonus,3,191.32304832419877
309,control,7,252.166399607505
310,control,1,30.51705879049521
311,control,2,128.9792261661323
312,control,1,30.474476136971052
313,control,1,31.509312041511823
314,control,4,137.67223781733188
315,control,3,140.49970280988714
316,control,2,111.84218040315828
317,control,4,273.2513677642346
318,bonus,0,0.0
319,control,2,90.02437514111797
320,bonus,0,0.0
321,bonus,5,204.59092131587826
322,control,3,71.37671340603089
323,control,1,35.579392741182275
324,bonus,4,156.10480572912434
325,bonus,1,41.4807289615914
326,bonus,5,184.9491993654737
327,bonus,1,44.03725939407931
328,bonus,1,64.29169463759912
329,bonus,5,471.6335611217622
330,control,3,73.80330490008878
331,bonus,7,230.81752465187623
332,control,4,136.44896478247503
333,bonus,6,405.9352071137372
334,bonus,2,96.33580029016514
335,control,2,69.85149177032015
336,bonus,2,133.01051236044364
337,control,3,188.67224790976664
338,bonus,3,154.2339699744466
339,control,6,202.90648942392096
340,bonus,2,113.76892996247942
341,control,1,41.47200481415762
342,bonus,4,190.25478697826836
343,bonus,10,432.537682017577
344,bonus,0,0.0
345,bonus,0,0.0
346,bonus,1,74.3601173367227
347,bonus,3,247.8319441071875
348,control,4,211.3678794827072
349,bonus,4,173.37412002364954
350,control,2,129.5314684983569
351,bonus,1,60.910591627459816
352,control,2,223.8527326713666
353,bonus,2,115.36576239228742
354,bonus,2,132.12684740712015
355,control,0,0.0
356,bonus,1,49.98584798134886
357,bonus,4,189.07461980225145
358,bonus,0,0.0
359,control,3,162.01457358270818
360,bonus,3,232.54237946578866
361,bonus,3,172.9728102947994
362,control,5,191.34712574058497
363,control,0,0.0
364,control,2,56.64375484265549
365,bonus,2,185.11855505339813
366,control,0,0.0
367,bonus,0,0.0
368,bonus,5,285.0473037837711
369,control,3,150.14191085705687
370,bonus,1,49.665855046597834
371,bonus,9,353.5126955179137
372,control,2,64.12422900841531
373,control,4,329.6131641363895
374,control,1,46.83116346683563
375,control,0,0.0
376,control,2,146.1344514827159
377,bonus,0,0.0
378,control,0,0.0
379,control,4,182.85813293138116
380,bonus,2,69.03038580520099
381,bonus,3,145.49165474280596
382,bonus,7,444.9499873107604
383,bonus,0,0.0
384,control,0,0.0
385,control,1,42.350663599515386
386,bonus,6,650.1604426857207
387,bonus,3,81.70535895726765
388,bonus,1,61.682458462674425
389,control,4,164.72677196493262
390,bonus,2,82.71015557978667
391,bonus,3,140.86193458334586
392,control,0,0.0
393,bonus,1,66.68684386429534
394,bonus,3,165.69399998458016
395,control,3,197.89453538155607
396,control,1,70.15829443054152
397,bonus,7,482.0588301634054
398,control,1,37.169745295664214
399,control,1,53.50189276144926
400,control,2,107.18216901954072
401,control,0,0.0
402,bonus,2,59.7559041279307
403,bonus,2,50.98850143394035
404,control,2,92.22756835323275
405,bonus,8,459.51880874600005
406,bonus,3,102.6590361814312
407,control,1,64.89520941803275
408,bonus,1,54.58181585872251
409,control,2,144.33227194111592
410,bonus,1,58.91595793472384
411,bonus,2,71.26140400471945
412,bonus,6,364.5203304000422
413,control,2,113.78929099567435
414,bonus,3,128.17140449601678
415,control,3,81.49504569494201
416,control,0,0.0
417,control,0,0.0
418,bonus,2,153.22114880008422
419,control,4,156.09191192230935
420,bonus,0,0.0
421,bonus,1,24.60547301588787
422,control,0,0.0
423,control,1,74.21378494185836
424,control,5,164.76066267857217
425,bonus,4,195.78134813840379
426,bonus,3,134.82453884035425
427,control,1,35.4223796898359
428,bonus,4,225.50373402061422
429,control,3,85.7878354172549
430,bonus,0,0.0
431,bonus,7,433.95140786632885
432,bonus,1,47.99714995272412
433,bonus,1,36.46500239627059
434,bonus,2,148.4334192104135
435,control,5,290.52520559339524
436,control,3,93.77134026893171
437,control,4,114.4363991963751
438,bonus,3,111.25926241190759
439,bonus,3,187.89481822438196
440,bonus,1,56.98995058601335
441,bonus,6,409.40826075280006
442,control,3,120.43644689261615
443,bonus,5,187.20520374767347
444,control,1,62.069750497091405
445,control,1,37.07546796502762
446,bonus,3,165.72479321427858
447,bonus,0,0.0
448,bonus,3,127.17995758056112
449,control,7,448.4787728432041
450,bonus,1,40.27489547636093
451,control,1,59.84385942220213
452,bonus,1,22.886965090563535
453,bonus,1,42.54819150391341
454,control,2,84.76100109549215
455,control,4,331.2409171699015
456,control,1,29.888998865247185
457,bonus,0,0.0
458,control,5,325.7162246152252
459,bonus,0,0.0
460,bonus,2,90.81624966237308
461,bonus,0,0.0
462,control,1,26.793056047881873
463,bonus,0,0.0
464,control,1,70.33726221338168
465,bonus,5,310.68872551772216
466,bonus,2,97.97463918819003
467,bonus,1,53.839088682356326
468,bonus,4,253.67037073620637
469,control,3,176.90596676801962
470,bonus,4,170.37022133210962
471,control,0,0.0
472,control,3,214.0044156869329
473,control,3,171.11142441423368
474,control,6,201.0163013375338
475,control,5,157.43647362449715
476,control,2,80.27821921614284
477,control,1,45.967299991246065
478,bonus,6,167.2035192253943
479,bonus,1,61.532594659985634
480,control,4,282.46895288000167
481,control,7,385.42190359279573
482,control,1,35.51815622827102
483,bonus,5,195.94248170807222
484,control,2,99.95878897438703
485,control,0,0.0
486,control,2,105.09598561788935
487,control,0,0.0
488,control,0,0.0
489,bonus,2,69.6392546944306
490,bonus,4,223.69542683949678
491,bonus,1,45.56811232386882
492,bonus,5,249.96979216016314
493,bonus,2,140.06613601063543
494,control,3,189.78063148655215
495,bonus,3,253.2790887800241
496,bonus,4,240.24887876640392
497,control,4,173.200688990511
498,bonus,6,284.19949452315336
499,control,3,73.56067144875317
500,bonus,2,165.4185416895425
501,bonus,3,138.7081764212185
502,bonus,1,61.7743607106248
503,bonus,8,525.0611635654226
504,bonus,3,100.40141418295603
505,bonus,2,74.91846398857417
506,bonus,0,0.0
507,control,5,249.07469532236598
508,bonus,2,84.46748185688114
509,control,3,129.16017806703653
510,control,1,65.81484405709982
511,control,1,62.40669477475032
512,bonus,5,154.89287172378076
513,control,2,159.46253679613864
514,control,3,189.3177062600901
515,control,4,170.64587685023525
516,control,2,59.305782580224566
517,control,5,325.3831549468643
518,bonus,4,244.56189309392835
519,control,2,54.03220393659549
520,bonus,2,95.42535189929713
521,bonus,3,463.68120170183596
522,control,2,90.52130935049065
523,control,1,34.708089332314934
524,bonus,1,36.35932167339939
525,control,0,0.0
526,control,1,60.54448058159824
527,bonus,1,84.69259079844676
528,bonus,6,338.67764348349857
529,bonus,2,160.52959933055487
530,control,1,33.43991858079008
531,bonus,3,164.34100438847761
532,bonus,4,228.8776367721783
533,control,2,146.0086835758497
534,bonus,3,173.57881907794237
535,control,1,36.152040058378326
536,control,0,0.0
537,bonus,4,115.11989752311943
538,control,0,0.0
539,control,2,120.39513798418282
540,bonus,4,181.55496277299017
541,bonus,0,0.0
542,bonus,0,0.0
543,bonus,3,253.15206499430641
544,bonus,2,124.79125693804569
545,control,0,0.0
546,control,6,321.9393442540684
547,control,7,350.1449988352491
548,control,5,244.7498063221595
549,bonus,8,263.99826392381766
550,control,4,251.5285150074916
551,control,1,19.120276766712696
552,control,2,73.3044392843936
553,control,2,90.72521229037906
554,bonus,1,39.25220491978337
555,control,3,115.25651451589256
556,control,1,85.66496549113928
557,control,2,132.45169730938343
558,control,2,70.79369775996747
559,bonus,1,43.90710505343586
560,control,4,115.12350042854
561,control,8,460.7482767993148
562,control,0,0.0
563,bonus,3,78.00504124915503
564,bonus,3,160.82406088928528
565,bonus,4,241.3773321227691
566,bonus,2,144.99089586576028
567,bonus,0,0.0
568,control,1,39.49711308557869
569,control,4,360.73711835527314
570,bonus,1,51.869429351029474
571,control,1,57.887943363375946
572,bonus,2,85.68970906946532
573,control,1,57.29027381376219
574,bonus,5,155.460580401055
575,bonus,1,44.022496667107745
576,bonus,3,101.71153688805249
577,bonus,6,251.24868831408986
578,bonus,1,80.16515516636598
579,bonus,3,125.30147825492543
580,control,3,173.5844843476436
581,control,3,229.59516185387628
582,bonus,3,153.75872623136513
583,control,3,191.15665310408983
584,control,6,325.1550171135306
585,bonus,1,53.90252688771344
586,bonus,3,201.87469377555868
587,control,1,85.68183315417512
588,control,2,72.00715945534093
589,control,0,0.0
590,control,3,94.53826635025963
591,bonus,3,219.88100424458878
592,control,2,133.63181091688384
593,control,1,37.28904422900385
594,bonus,3,73.51077385294525
595,control,1,35.53427170052413
596,control,4,218.04594841437003
597,bonus,1,50.55547931211014
598,bonus,5,275.60923738611035
599,bonus,5,215.44201430442743
600,bonus,3,221.39931237417346
601,control,1,50.74330156707225
602,bonus,5,317.70540686521673
603,bonus,7,382.9894986974103
604,bonus,4,248.70007454032674
605,bonus,5,303.79782640421723
606,bonus,3,112.19187789784361
607,bonus,3,176.90428156766868
608,control,1,59.36414056925234
609,bonus,7,542.7420138239013
610,control,2,104.10991043867216
611,bonus,3,110.74154238225965
612,bonus,0,0.0
613,bonus,2,88.87845696198374
614,bonus,2,110.59600646812672
615,control,2,86.23076658020653
616,bonus,3,104.76612635570059
617,bonus,3,104.5467885795162
618,control,3,64.76673723036444
619,control,2,30.20457632908813
620,control,2,85.94315009812499
621,bonus,0,0.0
622,control,1,84.39729261763702
623,bonus,1,36.746516715041025
624,control,2,94.84802031487041
625,bonus,2,61.98973359693803
626,control,1,28.42940946690318
627,bonus,2,68.06452848613436
628,control,1,41.584934499311295
629,bonus,3,145.6455393672216
630,bonus,1,56.53557702972154
631,bonus,1,65.27115241043033
632,bonus,5,229.97118567273355
633,control,0,0.0
634,control,1,30.686662453625775
635,control,0,0.0
636,control,2,53.259135534772064
637,bonus,3,194.85846045839034
638,bonus,0,0.0
639,bonus,1,26.884027584321323
640,bonus,2,101.2396500735791
641,bonus,1,33.426097796383424
642,bonus,2,185.06446046704528
643,control,2,73.49534477180124
644,control,1,57.12201447374882
645,bonus,3,227.27796422861107
646,bonus,7,259.3321371080703
647,control,3,138.6414729434778
648,bonus,3,188.43450375035073
649,bonus,3,161.65717369890808
650,control,4,204.24946545976763
651,control,2,56.51123017634792
652,bonus,2,125.64799283467023
653,bonus,1,43.65277980342028
654,control,5,254.27295864837197
655,bonus,4,285.63503348552484
656,control,3,170.60616235598383
657,bonus,1,58.46780939695466
658,control,4,225.36059291993683
659,bonus,3,197.54780183728002
660,control,1,75.9509620809141
661,control,2,88.93376912062405
662,bonus,2,109.61306355271951
663,control,3,187.07285905367382
664,control,1,37.902869679268946
665,control,0,0.0
666,bonus,4,246.00438337454838
667,bonus,4,192.59903782784136
668,bonus,4,135.65083561381735
669,control,2,107.23249692049187
670,control,4,297.0360185861761
671,control,3,76.31464711034748
672,bonus,4,296.0512382652725
673,bonus,7,149.06179487748247
674,bonus,8,359.8782044598256
675,bonus,5,492.77018731255885
676,control,3,120.34484879685554
677,bonus,1,53.404919686479396
678,control,1,58.7720064077566
679,control,1,24.67761999560249
680,control,4,184.59976170285165
681,control,3,138.06841920376033
682,control,0,0.0
683,control,2,58.39909420240042
684,control,2,78.74941976166232
685,bonus,5,186.9680633026245
686,control,2,62.66264766113817
687,control,2,133.5399420934823
688,bonus,7,365.64488648782844
689,bonus,7,298.23628125499
690,bonus,5,215.85702758131396
691,control,1,36.948794172876816
692,bonus,2,87.6840927710933
693,control,4,115.63064085192339
694,control,1,41.10407026755243
695,bonus,3,136.90871347505177
696,bonus,3,119.08146914961299
697,bonus,4,218.54347892869146
698,bonus,0,0.0
699,bonus,2,85.17816210870744
700,control,3,128.3585892580055
701,control,1,95.792155183417
702,control,2,189.0405062426825
703,control,3,93.34881837433744
704,bonus,1,37.576083986767166
705,control,2,62.11692669539861
706,bonus,4,299.67173900308677
707,bonus,2,90.02490532246702
708,bonus,2,112.55675664811247
709,control,5,452.6136848635645
710,control,2,89.67096192731967
711,bonus,1,66.26166234436354
712,bonus,3,186.26753175701927
713,bonus,1,42.12108130951094
714,bonus,3,224.91967240408712
715,bonus,0,0.0
716,control,3,215.7742459946047
717,bonus,4,168.52952473835964
718,control,4,152.2719624455556
719,bonus,4,141.42196134211056
720,bonus,2,74.89452713685
721,bonus,2,89.13963741237987
722,control,1,19.214985982370514
723,control,2,82.94214785039172
724,bonus,3,129.96247276960597
725,control,0,0.0
726,control,0,0.0
727,control,3,105.38303633371221
728,control,2,76.65515865829003
729,control,2,82.9048327720467
730,bonus,1,87.05231207851514
731,control,3,101.23738850756371
732,control,4,139.91577272346183
733,control,7,212.20826738386828
734,control,1,26.78785657528493
735,control,1,50.104646987916645
736,bonus,4,222.23490634756638
737,control,2,141.00231642969788
738,control,3,194.370849790001
739,control,0,0.0
740,control,0,0.0
741,control,2,82.15636510685596
742,control,2,57.095793761902414
743,bonus,5,330.18883008766005
744,control,1,46.9061817722261
745,bonus,0,0.0
746,control,1,30.20383832131127
747,control,3,152.67878111778876
748,control,3,145.0523402780468
749,bonus,4,217.32220266776656
750,bonus,3,122.22867224200135
751,control,1,68.23284974937027
752,control,2,184.4571750471671
753,control,1,30.509621124216924
754,control,4,231.6232765177292
755,bonus,3,56.70084807452163
756,control,3,170.59430643938055
757,control,2,46.77063527200396
758,bonus,3,129.19180351488941
759,control,3,85.26091531256696
760,control,1,41.729089124770965
761,bonus,4,277.6320255226427
762,control,2,46.981317750871575
763,control,2,79.35978699988495
764,control,1,37.599224330861745
765,bonus,2,179.99672424047407
766,control,2,104.68187854299404
767,control,0,0.0
768,control,2,76.31401755010224
769,control,2,155.15834153363684
770,bonus,1,66.45016664731541
771,control,2,65.26317610679726
772,bonus,0,0.0
773,bonus,5,238.3104278863357
774,bonus,4,171.47287978911348
775,control,1,24.731759689261807
776,bonus,1,40.823456554419735
777,bonus,4,336.6145645129063
778,control,2,78.7603029184678
779,bonus,2,99.82641643643905
780,bonus,6,326.15341791667703
781,control,1,97.80854817949962
782,bonus,0,0.0
783,control,4,263.97059771292624
784,bonus,3,125.92338426215184
785,bonus,2,94.51720406516222
786,control,3,135.59442099118363
787,bonus,1,39.46751397443578
788,control,4,167.61264415911722
789,bonus,6,423.6898615207998
790,bonus,3,117.32045524028123
791,control,2,90.00280451904996
792,control,3,173.00690751239654
793,control,1,33.72027783884497
794,control,4,264.1063012376932
795,control,2,92.3253626062818
796,control,2,84.94608602262036
797,control,2,44.56540735793757
798,control,1,39.484102994541686
799,bonus,1,58.937748563693305
800,bonus,2,190.65058777156057
801,bonus,2,126.25867979509661
802,control,6,400.45349408209375
803,bonus,3,101.68198208430628
804,bonus,4,198.01265044438372
805,control,1,68.98739071145519
806,control,2,65.96359030043618
807,bonus,1,72.54828587819807
808,control,0,0.0
809,bonus,4,227.8920541705496
810,bonus,4,184.5043193776979
811,control,0,0.0
812,control,0,0.0
813,bonus,4,258.2351682165523
814,bonus,1,58.30221441745728
815,control,3,116.83671556254471
816,bonus,3,157.321548603792
817,bonus,1,54.821117558773494
818,bonus,3,178.5722373642075
819,bonus,2,133.83272692943564
820,control,3,102.65868465222925
821,control,1,26.93303370142237
822,bonus,10,532.9927506733414
823,control,4,97.65401598803072
824,bonus,2,92.41508884070836
825,bonus,3,129.90719102110282
826,control,3,160.3544448946304
827,bonus,8,828.6309956903183
828,control,0,0.0
829,bonus,5,573.5396695764131
830,control,2,82.9496141176761
831,bonus,2,116.89833804308834
832,bonus,2,63.078523657775996
833,control,4,255.15262626211765
834,bonus,3,157.51994868090932
835,bonus,1,50.64856194205705
836,bonus,2,52.53537869196127
837,bonus,2,106.20811279449157
838,bonus,3,208.7373230847818
839,control,1,41.42833087120401
840,bonus,0,0.0
841,control,1,66.89845013214693
842,bonus,4,165.39481094030535
843,bonus,3,271.3274981172166
844,control,0,0.0
845,control,4,183.16139218193254
846,bonus,1,53.574213454954474
847,control,2,92.21014740781769
848,bonus,4,82.44835674082
849,control,2,84.34220827322626
850,bonus,1,32.10600765748729
851,control,1,79.50977622994816
852,control,2,156.79492125442
853,bonus,1,69.72806204000831
854,bonus,3,142.81828925858753
855,control,4,126.48852885642333
856,control,4,142.99411855724148
857,bonus,5,510.7023891496078
858,bonus,6,243.6943597409671
859,control,1,19.731258729324622
860,bonus,1,74.2161929443652
861,bonus,1,87.49665131204505
862,bonus,2,184.98913677400316
863,bonus,5,372.14521688389095
864,bonus,3,236.4102416168303
865,control,1,45.84148264004984
866,bonus,2,50.04227481429181
867,bonus,0,0.0
868,bonus,3,192.98012245899972
869,control,2,85.83828769875339
870,control,1,42.2400933003831
871,bonus,4,147.71392730017132
872,control,1,31.691671879277475
873,bonus,2,196.94482096387958
874,control,2,173.43985804584116
875,bonus,0,0.0
876,bonus,4,228.43507974121957
877,control,0,0.0
878,control,3,169.0468636044384
879,bonus,1,95.80373217567923
880,bonus,5,151.50696107731898
881,control,3,158.7981554726842
882,bonus,3,187.48418697850812
883,bonus,3,186.73658753863987
884,control,0,0.0
885,control,0,0.0
886,control,2,82.93775469999447
887,control,2,113.91134331132136
888,control,6,278.0785856679909
889,control,0,0.0
890,bonus,1,56.89510942312162
891,control,1,56.92230823953312
892,bonus,2,111.66425574731929
893,control,5,165.28759867688808
894,control,0,0.0
895,bonus,5,220.58756748855677
896,bonus,3,115.60524608744339
897,control,2,100.43879368295593
898,control,3,156.27448996972953
899,control,1,63.40188862775722
900,bonus,4,153.32363846426824
901,control,1,36.764950144563514
902,control,5,387.68754173340517
903,control,3,127.44708081549709
904,control,0,0.0
905,bonus,1,48.67366527185883
906,bonus,2,153.87374050033122
907,control,2,135.63164365647785
908,control,1,66.43907251944279
909,control,1,45.420391388917096
910,control,4,132.63543293618685
911,bonus,0,0.0
912,bonus,5,349.1740423267836
913,bonus,4,176.4236402785589
914,bonus,3,255.5385598013056
915,bonus,1,42.90383911562908
916,bonus,4,339.15762993974954
917,control,4,301.97869157134596
918,control,2,65.18899720985495
919,control,2,110.32439555657515
920,bonus,6,408.2789524466047
921,control,4,449.51762831243235
922,bonus,3,119.72905676035725
923,bonus,4,341.7600696785259
924,bonus,5,260.32567696962906
925,control,4,116.56853538936426
926,control,1,43.14933388991322
927,control,2,90.07767347297083
928,bonus,4,142.8945900140408
929,bonus,7,404.0729163938284
930,bonus,1,72.36029023964542
931,control,3,146.7374605504345
932,control,2,74.45271597938131
933,control,3,128.16385397985533
934,bonus,2,103.33554768877777
935,bonus,6,335.038841872493
936,control,1,66.36058338872563
937,bonus,8,455.34022533259935
938,control,2,55.08436121148398
939,bonus,3,127.51376832327621
940,control,2,95.38459029908886
941,control,2,133.38680827042808
942,bonus,3,244.5165450034775
943,control,0,0.0
944,control,3,141.31477056432414
945,control,2,117.56223838785893
946,control,3,81.14301713494653
947,bonus,2,120.30499740565276
948,bonus,6,213.11703307274746
949,bonus,2,101.25913196750872
950,control,2,259.88860747811805
951,bonus,2,115.10164359878665
952,control,0,0.0
953,control,4,207.61450171602394
954,control,1,37.55048050240832
955,bonus,3,110.91634640649363
956,bonus,2,216.08469761032677
957,bonus,0,0.0
958,bonus,6,350.4162452919282
959,control,1,39.23323966721858
960,bonus,3,139.24854108064764
961,bonus,5,443.9584593244018
962,control,6,300.58305260829974
963,control,2,30.59473301033855
964,control,0,0.0
965,bonus,1,55.17424438040295
966,control,2,101.49289766984404
967,bonus,5,378.49600927004843
968,control,1,52.960877432693465
969,bonus,1,67.21137125690558
970,control,3,116.39290325752403
971,control,3,87.78111751586894
972,control,1,49.637369296125165
973,control,3,222.81457130268427
974,bonus,1,41.25175002426245
975,control,1,34.87792444164277
976,bonus,0,0.0
977,control,2,76.69019377701791
978,control,1,38.976796983193125
979,bonus,3,136.24247808208347
980,control,3,131.96430047906625
981,bonus,0,0.0
982,bonus,2,85.69569348713567
983,bonus,1,56.095367807563704
984,control,5,243.2850204986714
985,control,3,202.46607605155847
986,bonus,5,492.57642308360704
987,control,4,305.6149747456037
988,control,4,247.91481154402115
989,control,3,128.1520784637419
990,bonus,4,166.44162024564875
991,bonus,4,208.29935351620387
992,bonus,2,127.04281836629045
993,bonus,4,275.99893931587803
994,control,1,55.96589551206365
995,bonus,3,148.80330093144
996,control,1,59.267688391522725
997,bonus,3,241.3726723944759
998,control,0,0.0
999,bonus,4,204.69359939532433
1000,control,2,67.21944917846679
1001,control,4,133.32746575104414
1002,control,1,35.45400850617659
1003,control,1,49.2366768055878
1004,control,0,0.0
1005,bonus,0,0.0
1006,control,2,75.44556345836429
1007,bonus,4,225.39822036506285
1008,control,3,98.53253615246041
1009,bonus,0,0.0
1010,control,4,161.63762534143456
1011,bonus,2,80.34858789632474
1012,bonus,1,52.72271216097639
1013,control,3,154.8679616861834
1014,bonus,0,0.0
1015,control,1,41.336593831062515
1016,control,1,53.003074527784506
1017,bonus,7,277.43953485773255
1018,bonus,5,144.84257318276852
1019,control,2,52.562809415621984
1020,control,1,38.8747401934501
1021,bonus,2,65.24342116085583
1022,bonus,0,0.0
1023,bonus,0,0.0
1024,bonus,1,31.941784015963748
1025,bonus,0,0.0
1026,control,0,0.0
1027,bonus,4,238.78518072011593
1028,control,0,0.0
1029,bonus,2,97.9701353228351
1030,control,0,0.0
1031,bonus,2,187.37122105953154
1032,bonus,1,42.97530590829209
1033,bonus,3,119.08923925822323
1034,bonus,0,0.0
1035,control,1,46.65341368524906
1036,bonus,5,158.20185250274957
1037,control,2,76.5149197816883
1038,control,2,65.48168373761382
1039,control,1,65.53640031970427
1040,control,1,37.66471649338334
1041,control,1,51.70673814115157
1042,bonus,0,0.0
1043,bonus,3,162.5627619962123
1044,bonus,5,169.82291837449057
1045,control,3,116.31450862494397
1046,control,2,195.14259960217228
1047,control,3,187.07990227224968
1048,bonus,6,296.85372153259766
1049,bonus,7,1109.8323530649766
1050,control,4,130.66616466422465
1051,bonus,3,233.4253800558858
1052,control,2,52.63459538212438
1053,control,2,82.63527976628153
1054,control,3,84.22976529747174
1055,control,3,147.7204075210253
1056,bonus,2,105.5475119164499
1057,bonus,5,232.3348534425458
1058,control,0,0.0
1059,bonus,4,169.7342795482569
1060,bonus,3,174.06605133325073
1061,bonus,2,137.93269403547856
1062,bonus,3,92.3798884694591
1063,control,3,103.88969994221394
1064,bonus,3,158.20443030125205
1065,control,2,112.20901832988031
1066,bonus,4,340.41042138253147
1067,control,4,166.900682733827
1068,bonus,5,231.61985683476973
1069,control,1,33.157000778110636
1070,control,1,50.509271931495064
1071,bonus,5,233.19410928123978
1072,bonus,4,188.06873378958264
1073,control,7,304.81701988299284
1074,bonus,4,251.0842687848735
1075,bonus,4,169.93450526199857
1076,control,3,103.02992163163431
1077,bonus,3,180.57391330718386
1078,control,3,46.81815536189765
1079,bonus,3,125.68130281626912
1080,control,1,30.075297837718526
1081,control,2,137.1328341463356
1082,bonus,0,0.0
1083,bonus,5,212.64236228853102
1084,bonus,2,101.75355302389231
1085,bonus,4,168.06292171531774
1086,bonus,4,179.79043774844757
1087,bonus,1,53.53914538535266
1088,bonus,3,133.9307089385494
1089,control,2,77.44620466908044
1090,control,2,63.19685166794119
1091,control,3,90.14779311957635
1092,bonus,2,105.72004621296378
1093,control,3,150.29273468931572
1094,control,6,163.78705412898577
1095,bonus,5,337.5932741435853
1096,control,0,0.0
1097,control,3,189.88449701031087
1098,bonus,1,57.47704276420992
1099,bonus,6,388.0610359786042
1100,control,2,193.36289646505514
1101,control,3,121.47909837317708
1102,control,1,31.2078749265328
1103,bonus,4,121.00088191668902
1104,bonus,1,95.67052982543942
1105,control,1,83.57446495528873
1106,bonus,1,37.44280326990524
1107,control,2,69.77301886959685
1108,control,1,40.17583223418006
1109,bonus,1,79.43303482024912
1110,control,3,86.03197323570694
1111,control,1,22.608945715065634
1112,control,2,192.18140374125338
1113,bonus,0,0.0
1114,bonus,3,182.01359423478445
1115,bonus,2,96.33045411185441
1116,control,2,105.93592112528343
1117,control,2,52.975927441790716
1118,bonus,3,115.66690160137661
1119,control,1,46.68709318838277
1120,bonus,2,46.74745427261642
1121,bonus,3,139.6522712284526
1122,control,3,118.8446584085944
1123,bonus,3,139.64383420315414
1124,control,0,0.0
1125,control,2,63.513183357168806
1126,bonus,1,27.349911268064858
1127,bonus,1,54.43927708900657
1128,bonus,2,93.17954443832465
1129,bonus,3,95.93665975744254
1130,bonus,6,317.3707331885639
1131,bonus,6,280.04528804219143
1132,bonus,0,0.0
1133,control,4,84.60925353759147
1134,bonus,5,328.5966378753796
1135,bonus,1,33.61110667352399
1136,control,2,92.0152440505618
1137,control,5,169.55993226393738
1138,control,2,78.55157293918988
1139,control,2,134.70834613941486
1140,bonus,3,186.998966685769
1141,control,1,66.83162996673056
1142,bonus,2,116.18764759787487
1143,bonus,0,0.0
1144,bonus,4,110.97668599673351
1145,control,6,241.60114641511603
1146,control,3,124.78055721990727
1147,bonus,4,317.6663062430551
1148,bonus,2,86.69457831146198
1149,control,4,197.4840218533056
1150,bonus,3,168.01475297804973
1151,control,3,202.44355046248117
1152,bonus,5,246.9169180247185
1153,control,2,120.24545384072424
1154,control,0,0.0
1155,bonus,3,88.24613680576928
1156,control,1,20.236582253179783
1157,control,1,59.24949347698106
1158,control,3,170.89651650269175
1159,control,2,123.18648201745427
1160,bonus,1,40.827169938740965
1161,control,1,36.94464863227957
1162,bonus,3,148.80995854746544
1163,bonus,6,514.6456766661697
1164,control,2,162.82068691495627
1165,control,0,0.0
1166,bonus,1,58.10672093009361
1167,bonus,4,330.33349579082255
1168,bonus,1,47.31747001075507
1169,bonus,2,90.26430393749543
1170,control,2,86.02620233095521
1171,control,0,0.0
1172,bonus,3,146.02581823252032
1173,control,5,152.17141061452804
1174,bonus,4,296.3293574658738
1175,bonus,5,312.984269297316
1176,bonus,2,170.70184733337916
1177,control,1,25.442309300689658
1178,control,0,0.0
1179,control,3,77.85969178622649
1180,control,0,0.0
1181,bonus,3,124.92945018025323
1182,control,1,71.11972553096287
1183,control,0,0.0
1184,control,1,41.31899212808937
1185,control,1,34.09814171504256
1186,bonus,6,191.829431319665
1187,control,5,334.4608945291815
1188,bonus,4,273.75746074775077
1189,control,0,0.0
1190,bonus,2,118.92082756940952
1191,control,0,0.0
1192,control,6,174.65593144299123
1193,bonus,5,304.46839894782863
1194,bonus,7,318.2806759825128
1195,bonus,5,212.7818912111975
1196,control,4,122.34286638202624
1197,control,2,125.39465691094072
1198,bonus,1,60.708993806756574
1199,control,2,107.25686856784408
1200,bonus,0,0.0
1201,bonus,7,385.3050263420308
1202,bonus,7,226.81095134285874
1203,bonus,3,148.35334989662192
1204,bonus,4,85.45102807189814
1205,control,4,103.97143544085955
1206,control,7,281.39615853833993
1207,bonus,0,0.0
1208,control,4,95.84159486987744
1209,control,2,58.23907160663964
1210,control,3,145.6411846367447
1211,bonus,2,192.26403888147752
1212,bonus,6,333.26710158261614
1213,bonus,2,132.33297193054037
1214,control,4,159.9394871131793
1215,control,1,37.63539385817092
1216,bonus,2,106.52035950383916
1217,control,3,107.21900214240318
1218,bonus,2,133.36181941809878
1219,bonus,4,117.98100402109023
1220,control,2,122.89190301949154
1221,control,4,182.49383747573512
1222,control,0,0.0
1223,bonus,3,87.35603505997203
1224,bonus,1,36.72649381557893
1225,control,4,273.8238089396934
1226,bonus,1,48.10637875815286
1227,control,3,148.81653544000946
1228,control,1,33.07660666074938
1229,bonus,3,153.6792438462188
1230,control,1,27.838202636966873
1231,control,1,46.60096638402
1232,bonus,1,58.9181236986499
1233,control,2,100.6878185664734
1234,bonus,4,150.87687435833934
1235,control,0,0.0
1236,control,1,54.308483078643505
1237,control,1,41.79009423501676
1238,control,5,203.47507552429298
1239,control,1,87.60833596118735
1240,control,2,64.51924031180421
1241,bonus,1,75.53309435008379
1242,control,0,0.0
1243,control,4,226.3608100614678
1244,control,2,115.31448701740723
1245,control,1,37.63877185631549
1246,control,4,117.547199687007
1247,bonus,1,25.96560586186329
1248,control,3,108.85155249878282
1249,bonus,4,248.8612021712036
1250,bonus,4,141.96051254782054
1251,control,1,46.553141736214734
1252,control,1,26.840503211720662
1253,control,3,124.38901980819516
1254,bonus,2,69.27653483835233
1255,control,2,87.57683257716327
1256,bonus,4,173.7019638034915
1257,bonus,3,102.35105022110547
1258,bonus,4,164.36886450075502
1259,bonus,3,111.95329988505641
1260,bonus,1,32.673056795548945
1261,control,2,131.46895093577717
1262,control,3,119.01072033237145
1263,control,1,20.819365403740093
1264,bonus,5,208.0366075228272
1265,bonus,1,71.2769883994632
1266,bonus,6,237.86621166046166
1267,control,2,152.02120651746796
1268,bonus,4,153.3751796018831
1269,control,5,268.35030138870786
1270,control,4,258.7287861945615
1271,bonus,1,60.58166699403455
1272,control,0,0.0
1273,control,6,194.13580832808154
1274,bonus,0,0.0
1275,control,1,33.95541973693199
1276,control,0,0.0
1277,control,2,77.41728048024032
1278,control,3,141.85108925760423
1279,bonus,5,159.28973833703256
1280,bonus,1,41.82652806761666
1281,control,1,33.12556221254078
1282,control,1,48.69724060844446
1283,control,0,0.0
1284,bonus,7,425.924476306435
1285,bonus,2,87.17248451983494
1286,bonus,5,186.84545281673869
1287,control,0,0.0
1288,control,2,62.76851249092432
1289,control,2,131.27016851965814
1290,bonus,0,0.0
1291,control,0,0.0
1292,bonus,1,60.836254361805416
1293,bonus,4,201.5406742757728
1294,control,3,75.56223924719109
1295,control,0,0.0
1296,control,3,195.48288381829096
1297,control,0,0.0
1298,control,1,24.980955609335123
1299,bonus,3,175.61181177352466
1300,control,2,74.00029527329366
1301,control,0,0.0
1302,bonus,1,34.6645994752491
1303,bonus,2,146.86986574636958
1304,control,2,45.235638571201086
1305,bonus,1,38.601386908281036
1306,bonus,4,215.88873545521676
1307,bonus,3,269.741419602494
1308,bonus,1,62.8200820905654
1309,control,5,167.33399526252538
1310,bonus,3,265.15390467215155
1311,control,1,28.00461449175442
1312,bonus,5,283.93064552888404
1313,bonus,2,122.76798076021666
1314,control,0,0.0
1315,control,2,114.88909118071196
1316,bonus,0,0.0
1317,bonus,1,66.0045897831068
1318,control,0,0.0
1319,bonus,1,58.18723866238725
1320,bonus,4,179.1962291845687
1321,control,1,67.29317458889079
1322,control,2,88.6252153641644
1323,control,1,69.67857115852894
1324,bonus,1,61.81146715415108
1325,control,4,172.14357900029427
1326,bonus,7,477.23968051570006
1327,control,1,59.4171527996914
1328,bonus,1,61.04387901633106
1329,control,0,0.0
1330,control,3,95.71534272563623
1331,bonus,5,420.01876584250175
1332,control,5,144.96891683739062
1333,bonus,4,281.907836271618
1334,bonus,2,132.53278417783298
1335,bonus,4,160.5660632170969
1336,bonus,4,102.96485575820394
1337,control,2,73.75068335802234
1338,bonus,2,214.19287153476353
1339,bonus,0,0.0
1340,control,3,102.23608604139194
1341,control,5,158.68903913832796
1342,bonus,2,158.34024697171503
1343,control,2,82.6644110353147
1344,bonus,0,0.0
1345,bonus,2,169.74333783111553
1346,bonus,4,253.5451019181522
1347,control,2,65.23904149958207
1348,control,2,58.64810718150882
1349,control,1,67.49287099947884
1350,control,1,45.265191930910575
1351,bonus,2,60.18355882267646
1352,bonus,2,55.44996720112984
1353,control,5,152.24435852560958
1354,control,1,29.161311552801763
1355,bonus,5,126.43589296886621
1356,control,1,30.625562757260667
1357,bonus,2,75.03040385549687
1358,control,5,191.3610487527993
1359,bonus,5,467.9590819545753
1360,control,0,0.0
1361,bonus,3,146.40628451239579
1362,control,1,53.7800116304227
1363,bonus,4,190.50100466637215
1364,control,0,0.0
1365,control,0,0.0
1366,bonus,3,162.0561238532605
1367,control,1,118.50150007039414
1368,control,0,0.0
1369,control,2,61.63358763039897
1370,control,1,51.225643431613356
1371,control,2,68.21754487520366
1372,bonus,0,0.0
1373,control,4,111.23457446100099
1374,bonus,6,210.70543059573632
1375,bonus,6,350.216504752261
1376,control,2,127.61192977686949
1377,bonus,1,61.70407377194797
1378,bonus,6,418.687562883674
1379,bonus,4,235.93475120006738
1380,control,2,95.60100236496683
1381,control,2,75.45353409481956
1382,control,0,0.0
1383,bonus,2,148.15801071302036
1384,bonus,4,202.47740524819807
1385,bonus,5,248.3746346617723
1386,control,4,314.1746008383351
1387,bonus,1,51.38142928447135
1388,control,3,138.62394470678552
1389,bonus,8,490.4606451015273
1390,control,1,43.48561962846914
1391,bonus,5,194.17178008360156
1392,bonus,3,177.2080865427484
1393,control,1,44.393729689798505
1394,control,3,257.25355483120217
1395,bonus,4,272.78277592405243
1396,control,3,109.60203898113943
1397,bonus,3,200.37844379466912
1398,bonus,7,403.46414482656263
1399,bonus,2,163.6730463965483
1400,control,3,112.36087660380484
1401,control,2,96.14392834049293
1402,control,3,130.39808988395095
1403,bonus,1,52.82012271932565
1404,control,1,33.01106662822634
1405,control,1,55.04943355885115
1406,control,3,156.2664049813288
1407,bonus,1,81.1462188314183
1408,control,4,179.3694782374491
1409,bonus,1,44.80324654235724
1410,bonus,4,272.86354240367456
1411,bonus,3,117.57367839653845
1412,bonus,0,0.0
1413,bonus,2,151.1943827302307
1414,bonus,1,80.35642466993559
1415,control,2,102.68106366405064
1416,bonus,4,174.59081906637076
1417,bonus,3,161.29781276897393
1418,bonus,6,354.677176807896
1419,bonus,5,212.68512142321788
1420,bonus,2,165.03578246762396
1421,bonus,4,253.59747145609228
1422,control,3,98.79003546752747
1423,control,4,347.9165449502259
1424,control,6,279.36193671368875
1425,control,1,30.68354215750329
1426,control,3,100.956106722684
1427,control,3,227.2382524759851
1428,control,4,340.93831672995645
1429,bonus,0,0.0
1430,control,4,285.635030254229
1431,bonus,1,79.22087542792035
1432,bonus,2,125.774706918866
1433,control,3,151.4778491717538
1434,control,3,163.07771992175665
1435,control,0,0.0
1436,bonus,4,159.67803250190374
1437,control,2,116.27931975222552
1438,bonus,4,344.8931606582279
1439,bonus,5,240.71941320783262
1440,bonus,3,139.12878235308816
1441,control,2,106.33567954542157
1442,control,1,35.84780533311341
1443,control,3,85.14777382578667
1444,control,1,67.24644494458785
1445,control,1,38.42965967255054
1446,bonus,4,208.34092404435498
1447,bonus,3,125.39803477944712
1448,bonus,0,0.0
1449,bonus,4,279.0331100138025
1450,control,3,124.09109575032535
1451,bonus,1,34.24225317587059
1452,bonus,2,91.6655091079131
1453,bonus,1,63.17937336832141
1454,bonus,0,0.0
1455,control,3,140.25456515482972
1456,control,5,242.30444387033208
1457,control,3,176.0650377525636
1458,control,5,221.72761759418202
1459,bonus,2,121.15567880960572
1460,control,3,95.5694354170718
1461,bonus,5,632.5189094515929
1462,bonus,2,93.71149410625245
1463,control,0,0.0
1464,control,1,54.86773240005241
1465,bonus,2,89.63939801855135
1466,bonus,3,155.67576250461556
1467,control,3,134.79581130202462
1468,control,0,0.0
1469,bonus,2,120.67221607165742
1470,control,1,25.265374117690705
1471,bonus,1,95.5712829128817
1472,control,2,118.78907959147307
1473,control,2,112.56181028358574
1474,control,2,49.00806767461617
1475,bonus,4,156.8568737844189
1476,bonus,3,252.47380811447465
1477,control,3,577.2117983786676
1478,bonus,1,78.61533600069343
1479,control,2,129.37819558882902
1480,control,2,108.15340653760018
1481,control,1,33.44955460609742
1482,control,0,0.0
1483,bonus,0,0.0
1484,control,6,176.746614637641
1485,bonus,5,165.69140971224118
1486,control,3,189.95319595089893
1487,bonus,5,253.60233383876022
1488,control,2,93.23377094897076
1489,bonus,3,154.41524084356195
1490,control,1,30.34590857516224
1491,control,2,71.16875253698063
1492,bonus,7,291.54238812068775
1493,bonus,6,189.8698608992637
1494,bonus,2,86.75586974897196
1495,control,3,92.46382793615157
1496,bonus,2,126.69189088705393
1497,bonus,3,195.65963493256982
1498,bonus,2,65.81171880284228
1499,control,2,81.12478727586237
1500,bonus,3,297.27501276819686
1501,bonus,3,110.14191896301115
1502,bonus,9,540.7582091214416
1503,control,3,140.07912693476766
1504,control,1,65.9682215901887
1505,bonus,1,57.388149460608126
1506,bonus,3,133.4975737529939
1507,bonus,4,211.89401825478512
1508,control,1,46.30000041956777
1509,control,3,130.73618852106742
1510,bonus,1,32.61379710055492
1511,control,0,0.0
1512,control,0,0.0
1513,bonus,0,0.0
1514,bonus,3,139.73988770847038
1515,bonus,0,0.0
1516,control,4,120.08205139101153
1517,control,1,23.412821415639453
1518,bonus,4,163.6960517213091
1519,control,1,39.72265463610139
1520,control,4,108.69275974344816
1521,control,4,191.50215624457965
1522,bonus,6,466.4652877421906
1523,bonus,3,208.46629468237242
1524,bonus,2,99.0110672311209
1525,bonus,1,27.174535457014105
1526,control,2,115.6195997134542
1527,control,3,142.09730048202462
1528,control,5,261.0268538725781
1529,control,1,88.61476307651421
1530,control,3,101.14859852476603
1531,control,6,98.71494786165968
1532,control,1,31.123195821699163
1533,bonus,0,0.0
1534,bonus,1,52.24000066810347
1535,control,2,58.81147711984803
1536,control,3,82.135776946033
1537,bonus,3,137.12920249067955
1538,bonus,8,267.66410084986063
1539,bonus,4,248.37519591392373
1540,control,0,0.0
1541,bonus,8,332.4118507126468
1542,control,2,69.02114654473324
1543,control,0,0.0
1544,control,3,137.02837302456015
1545,control,2,96.59188338726327
1546,control,1,47.92837912735146
1547,control,2,87.7543323398384
1548,bonus,1,36.04718331460441
1549,control,1,34.84917435082399
1550,control,2,78.38820373967802
1551,control,1,92.71041547915887
1552,control,4,112.26522349291207
1553,control,1,38.86214783834663
1554,control,1,46.57462946574027
1555,control,2,80.9347445128053
1556,bonus,0,0.0
1557,bonus,7,325.17396157967846
1558,control,1,41.45352831141737
1559,bonus,2,137.64688376075324
1560,bonus,1,97.53131580395251
1561,bonus,4,338.77738970644583
1562,bonus,5,246.66557827984843
1563,bonus,2,101.72180026108454
1564,bonus,8,420.82526898917047
1565,bonus,7,381.375469520915
1566,control,2,66.90259999688557
1567,control,3,187.36950092706883
1568,control,1,48.37463879119056
1569,control,3,132.89709571937559
1570,control,6,173.03970506358968
1571,control,1,45.991778982343725
1572,bonus,2,53.35391223653886
1573,bonus,3,126.65406223149851
1574,bonus,8,339.944298605324
1575,control,2,99.50998470370818
1576,control,3,260.66141045246445
1577,bonus,2,126.43637607175877
1578,bonus,2,171.83115507422184
1579,bonus,3,194.5834230527796
1580,bonus,4,306.88942840709325
1581,bonus,5,495.6434999055082
1582,control,3,104.49423340266664
1583,control,4,136.17901390912374
1584,control,2,113.73753682985974
1585,bonus,0,0.0
1586,bonus,0,0.0
1587,control,2,82.4981821120733
1588,bonus,6,252.01619477202763
1589,control,8,634.8391536839689
1590,control,1,30.621767122120282
1591,control,0,0.0
1592,control,1,54.06258677491686
1593,bonus,1,29.777997384376057
1594,control,3,100.93751509254919
1595,bonus,0,0.0
1596,bonus,0,0.0
1597,control,4,158.30041109416513
1598,control,0,0.0
1599,bonus,3,93.21047852234113
1600,control,1,101.56831137919471
1601,bonus,1,53.05573149442219
1602,control,1,53.58733773194522
1603,bonus,2,85.65714924155253
1604,bonus,5,205.9107412744053
1605,control,0,0.0
1606,control,3,69.02178752493455
1607,bonus,3,171.15390736284647
1608,control,3,88.3448950887893
1609,control,1,39.052702722379415
1610,control,1,35.99317820104695
1611,control,2,63.73395595905636
1612,bonus,0,0.0
1613,bonus,0,0.0
1614,control,4,161.18227738025737
1615,bonus,3,150.42057882371762
1616,control,2,55.92787303678755
1617,control,3,229.27022528336744
1618,bonus,5,210.1458710027284
1619,bonus,4,190.48992545214728
1620,control,0,0.0
1621,control,5,218.66748880627705
1622,bonus,3,245.3994162588539
1623,bonus,0,0.0
1624,control,2,116.8374195126361
1625,control,1,65.85532616477995
1626,bonus,1,94.36535943436076
1627,control,3,147.2864978986187
1628,control,7,545.7496993790078
1629,control,3,178.14809072737376
1630,control,0,0.0
1631,control,4,203.48172816168855
1632,bonus,3,82.0673936617706
1633,bonus,2,114.64189963970666
1634,bonus,2,60.29565112883874
1635,bonus,1,29.299786493393977
1636,control,2,96.28544946494067
1637,control,2,60.9395361540718
1638,bonus,7,361.3491871497333
1639,control,9,425.1062547609212
1640,bonus,2,110.34799609405057
1641,bonus,6,226.27281310694406
1642,control,1,61.63323927562379
1643,control,1,43.61626612353361
1644,control,4,210.04742508314172
1645,control,1,29.603974468149293
1646,control,3,126.83158874347195
1647,control,1,66.07005106374329
1648,bonus,3,218.0226359314592
1649,bonus,0,0.0
1650,bonus,1,42.75469720316596
1651,control,2,63.67355420819699
1652,control,2,71.5262953296782
1653,control,3,82.7315591433661
1654,control,4,171.50206297583202
1655,bonus,0,0.0
1656,control,4,136.75463689610802
1657,control,0,0.0
1658,bonus,7,335.34509587211716
1659,control,4,260.4076810318727
1660,control,1,36.328601345744
1661,control,1,36.794075931448845
1662,bonus,1,38.48686588488648
1663,bonus,0,0.0
1664,control,0,0.0
1665,bonus,3,148.07930015079683
1666,bonus,1,52.75232689219349
1667,bonus,3,242.53866124433773
1668,control,3,215.18605640108748
1669,control,5,126.45903155175414
1670,bonus,7,454.4449193771341
1671,control,1,48.69804637443609
1672,bonus,5,220.14919924474017
1673,bonus,4,232.1556573924604
1674,control,1,24.59217634117846
1675,bonus,4,345.37943118744073
1676,bonus,3,185.91083086090657
1677,bonus,4,152.91765632715635
1678,control,4,146.65212318912688
1679,bonus,2,57.02389247652944
1680,bonus,3,139.0942392151068
1681,bonus,0,0.0
1682,bonus,1,32.54539215749982
1683,bonus,3,203.7477079254414
1684,control,2,140.70826251283617
1685,control,5,222.855645150877
1686,control,2,80.86921833265905
1687,bonus,1,60.26003068376413
1688,bonus,3,154.18652702609452
1689,bonus,2,70.86728390276873
1690,control,3,107.42978626333279
1691,bonus,0,0.0
1692,bonus,0,0.0
1693,control,2,90.2945876853228
1694,bonus,4,222.8163915996253
1695,bonus,3,91.04436604498397
1696,bonus,6,391.9013350479019
1697,control,1,45.053832346605994
1698,bonus,2,252.9064813997147
1699,bonus,2,90.36884591286766
1700,bonus,2,115.90629767269547
1701,bonus,0,0.0
1702,bonus,3,166.1629263645464
1703,control,3,131.84198071716114
1704,bonus,3,109.90474736945067
1705,control,3,230.48090260415557
1706,bonus,0,0.0
1707,control,3,156.76801471724067
1708,control,4,152.50730376357953
1709,bonus,0,0.0
1710,control,3,82.01469876441683
1711,bonus,3,248.42258017913917
1712,control,1,40.830666651854834
1713,bonus,3,101.46920365743611
1714,bonus,0,0.0
1715,control,1,37.72091085250983
1716,bonus,0,0.0
1717,control,4,241.6408625033082
1718,bonus,5,305.44641439994706
1719,bonus,3,71.96747480550623
1720,bonus,0,0.0
1721,control,3,130.32873136913307
1722,control,2,80.21011478622812
1723,bonus,3,149.43484652967308
1724,bonus,2,58.91290311464931
1725,control,0,0.0
1726,control,1,27.913920553675936
1727,control,2,81.43179282385228
1728,bonus,3,163.97750796304703
1729,control,4,262.1376720746185
1730,control,0,0.0
1731,bonus,2,172.0228286733795
1732,control,1,62.68117281725465
1733,bonus,6,267.171424445183
1734,control,1,30.526655309789298
1735,bonus,4,124.88372813294802
1736,bonus,2,113.8276498223411
1737,bonus,5,199.89913058360514
1738,control,1,68.4728537854032
1739,bonus,4,163.18515115577657
1740,bonus,2,75.51541213699377
1741,control,1,48.8342403191939
1742,control,2,70.78826726169775
1743,control,3,135.4045922554403
1744,bonus,2,146.15502569803138
1745,bonus,6,323.5048698492844
1746,bonus,4,215.95204183949392
1747,bonus,0,0.0
1748,bonus,1,28.612388419104406
1749,control,2,103.22931603419052
1750,control,4,190.36302417651783
1751,bonus,0,0.0
1752,control,2,111.25706790162056
1753,bonus,7,337.52938059513787
1754,bonus,3,222.82221979094743
1755,control,6,243.7154155367567
1756,bonus,0,0.0
1757,control,0,0.0
1758,bonus,2,121.65471709441285
1759,bonus,1,45.36101375302146
1760,bonus,4,368.47094299176
1761,control,1,91.17123556267256
1762,control,1,61.10177269300103
1763,control,3,231.53443406659608
1764,control,1,26.25712606841983
1765,control,2,54.725373049288315
1766,control,1,40.21002294142849
1767,bonus,2,105.00442063384781
1768,control,4,167.93621833605522
1769,control,3,75.98435327020292
1770,bonus,5,387.19151514334294
1771,bonus,4,439.9619187803416
1772,bonus,7,567.1820164679323
1773,bonus,1,75.66816846873381
1774,bonus,2,112.02403813890315
1775,bonus,1,38.5276186788908
1776,bonus,1,53.08047990397294
1777,bonus,2,216.2699564249198
1778,control,2,79.56814552844656
1779,control,3,115.12744610120338
1780,control,5,331.5095716254867
1781,control,5,339.3019842916456
1782,bonus,6,230.76924442237933
1783,control,5,205.32226877373623
1784,control,3,113.25114275599853
1785,control,4,184.44441300537926
1786,bonus,1,76.15073771715603
1787,control,1,33.962360163872255
1788,bonus,0,0.0
1789,bonus,3,160.87290735478868
1790,control,6,609.4696828752311
1791,bonus,0,0.0
1792,control,3,130.4973968518232
1793,control,0,0.0
1794,bonus,5,229.9498315233132
1795,bonus,1,27.607261583575788
1796,control,1,41.366860065923184
1797,bonus,3,141.92999706605042
1798,control,0,0.0
1799,bonus,4,201.77565811583304
1800,bonus,1,25.101707043645863
1801,bonus,6,274.9236737298409
1802,bonus,4,225.42271895738887
1803,control,2,93.10783451267254
1804,bonus,3,134.4459695974115
1805,bonus,8,401.790309007305
1806,bonus,1,39.33056213136629
1807,control,4,180.6827322458564
1808,control,2,91.84844783778364
1809,control,3,98.51287853433203
1810,control,2,98.84019860811341
1811,control,1,49.312170615415205
1812,control,1,42.45688201096643
1813,bonus,4,483.0331360538591
1814,control,1,42.83761854138276
1815,bonus,5,234.65828715334507
1816,bonus,3,133.9141780683467
1817,bonus,1,36.84042339282429
1818,control,3,171.62963227197562
1819,control,1,35.391654754976365
1820,bonus,4,169.68384016650904
1821,bonus,3,128.59297389580632
1822,control,2,63.75702919122509
1823,bonus,3,84.112699002714
1824,bonus,3,132.02717429998506
1825,bonus,3,210.7566352269791
1826,control,6,289.27126784107264
1827,bonus,6,536.1345983866582
1828,control,1,58.527527347811734
1829,bonus,0,0.0
1830,control,1,86.972297438309
1831,control,1,43.49567602888739
1832,bonus,1,52.90516218137714
1833,control,4,179.27918854765684
1834,control,0,0.0
1835,control,0,0.0
1836,control,4,143.46050487463606
1837,control,3,165.8296765488043
1838,control,2,67.63453574948491
1839,bonus,7,436.6140441196961
1840,bonus,3,179.4472060156882
1841,control,4,168.45453933475156
1842,bonus,1,63.08345184976961
1843,control,3,80.20198801887398
1844,bonus,2,109.57490235384871
1845,control,5,191.3554163722279
1846,bonus,1,140.92342872705913
1847,control,1,47.52240405436589
1848,bonus,5,210.00369528447226
1849,control,3,83.33504515305789
1850,bonus,4,326.8858286734511
1851,control,4,159.24523922944792
1852,bonus,0,0.0
1853,bonus,4,232.85676409738855
1854,bonus,6,389.781175177415
1855,bonus,0,0.0
1856,bonus,1,52.10896882079219
1857,control,3,142.73522297264577
1858,control,3,146.42125200004426
1859,control,4,202.49102080511102
1860,control,2,104.43026090868976
1861,bonus,3,227.7150766756933
1862,bonus,1,52.781968877416055
1863,bonus,2,77.76492310353882
1864,bonus,1,49.201412678272256
1865,bonus,1,67.37322735160126
1866,bonus,0,0.0
1867,bonus,1,27.747927806519506
1868,control,0,0.0
1869,bonus,7,616.6968456500445
1870,bonus,2,66.47005865282934
1871,control,1,46.610378669436706
1872,control,2,78.25469916228714
1873,bonus,3,141.70482281782037
1874,bonus,2,115.18130657381408
1875,bonus,3,98.7441479401686
1876,bonus,3,105.37343828233654
1877,control,5,202.4843281463863
1878,control,3,128.30282873234634
1879,bonus,2,69.78976220402411
1880,bonus,5,341.1216064123522
1881,bonus,4,178.85446897568215
1882,bonus,4,178.58820612756602
1883,control,2,99.35906887453474
1884,bonus,0,0.0
1885,control,3,180.98092934056376
1886,control,2,64.91714614405939
1887,control,1,27.59341564838779
1888,control,1,40.37605222246708
1889,bonus,2,105.7052196325532
1890,control,2,58.29667679298176
1891,control,2,55.37321116000088
1892,bonus,4,220.63792666419417
1893,bonus,1,39.6940472682457
1894,control,4,108.26454794320088
1895,control,0,0.0
1896,control,1,36.072628131787965
1897,bonus,3,232.1702136466437
1898,control,3,136.35196973111752
1899,control,0,0.0
1900,control,1,41.78918519390349
1901,bonus,2,40.86462715542095
1902,control,6,181.37136816980006
1903,bonus,9,445.70205852709023
1904,control,3,153.38175991586226
1905,bonus,2,55.322832349904495
1906,control,0,0.0
1907,control,2,60.76519897426038
1908,control,3,146.5536885725878
1909,bonus,10,513.9979361345055
1910,bonus,3,201.39381739272588
1911,control,3,196.1074658263393
1912,control,3,158.52641620498758
1913,bonus,2,139.86943339531834
1914,bonus,5,228.89021497397306
1915,control,2,241.7491852894554
1916,control,0,0.0
1917,bonus,4,172.08770695393636
1918,bonus,3,212.8339373489153
1919,bonus,4,269.3929919169825
1920,bonus,6,368.2529470173413
1921,control,7,398.98912828922516
1922,control,3,65.10685051519442
1923,control,2,156.9714926554514
1924,control,0,0.0
1925,control,2,139.19455546896313
1926,control,2,44.17130489308265
1927,control,2,98.4558915683645
1928,bonus,5,212.43510359584374
1929,control,2,109.95285943898713
1930,control,1,50.28149657692617
1931,bonus,5,294.1174195131085
1932,bonus,0,0.0
1933,bonus,1,50.72836592578127
1934,bonus,3,145.76245178058755
1935,bonus,0,0.0
1936,control,3,190.85781501879558
1937,control,2,94.86703152889783
1938,bonus,1,33.10764197819246
1939,control,3,140.18000710917556
1940,control,0,0.0
1941,control,2,160.1180786758643
1942,control,4,63.55572015712227
1943,control,4,184.03518362508927
1944,control,3,187.07631071029263
1945,bonus,6,291.30459762690623
1946,bonus,1,44.05296280188911
1947,control,1,40.985773328100215
1948,bonus,3,188.35020842401875
1949,control,1,30.10520254178238
1950,bonus,3,235.35093693720873
1951,bonus,3,152.23709996696556
1952,control,4,129.7615265814081
1953,bonus,4,306.81389229884473
1954,bonus,2,60.266463967690875
1955,bonus,1,42.61050836943962
1956,bonus,5,211.82830653891054
1957,bonus,7,767.174480294547
1958,control,0,0.0
1959,bonus,5,121.70797373013228
1960,bonus,3,126.6467139840352
1961,bonus,0,0.0
1962,control,2,118.42019356130693
1963,bonus,4,459.2100294806463
1964,control,5,368.1588681904332
1965,bonus,2,110.53636043873735
1966,control,0,0.0
1967,bonus,4,365.44960652405
1968,bonus,2,90.9740562841947
1969,control,5,178.70660261590749
1970,bonus,2,89.44248401089237
1971,control,4,116.12369594009964
1972,bonus,4,175.90811086774647
1973,bonus,0,0.0
1974,control,3,174.339507470886
1975,control,1,39.28456024056062
1976,control,2,57.754365272927224
1977,control,4,102.68197563841579
1978,bonus,5,278.44255049763507
1979,bonus,1,53.08229689537834
1980,control,1,37.064255473075725
1981,bonus,1,43.93954320287216
1982,control,3,154.66248165363294
1983,bonus,4,336.77329271403835
1984,control,2,68.49488465290861
1985,bonus,7,373.6989676121089
1986,bonus,6,434.2318216568253
1987,control,3,102.88735786828383
1988,bonus,4,205.8705458747036
1989,bonus,2,102.13272078298797
1990,control,1,28.43751310383009
1991,control,0,0.0
1992,bonus,3,156.97355604462774
1993,control,2,109.29920894481133
1994,control,3,89.10937183753624
1995,control,0,0.0
1996,bonus,3,251.80214571853006
1997,control,1,93.11054386074655
1998,control,2,140.87245611776953
1999,bonus,6,205.656823522519
2000,bonus,0,0.0
